[{"Country":" Argentina","Guns":10.2,"Rank":62,"Comments":"","Deaths":5.65,"Homicides":3,"Suicides":2.01,"Unintentional":0.64,"Undetermined":"NA","Year":"2001 2008","Notes":"UNODC 2011[12]","continent":"Americas"},{"Country":" Australia","Guns":15,"Rank":42,"Comments":"","Deaths":1.05,"Homicides":0.09,"Suicides":0.79,"Unintentional":0.02,"Undetermined":0.15,"Year":"2008","Notes":"UNODC 2011[13]","continent":"Oceania"},{"Country":" Austria","Guns":30.4,"Rank":14,"Comments":"","Deaths":2.94,"Homicides":0.18,"Suicides":2.68,"Unintentional":"NA","Undetermined":0.08,"Year":"2010","Notes":"WHO 2012[9]","continent":"Europe"},{"Country":" Azerbaijan","Guns":3.5,"Rank":115,"Comments":"","Deaths":0.07,"Homicides":0.04,"Suicides":0.01,"Unintentional":0.02,"Undetermined":"NA","Year":"2007","Notes":"WHO 2012[9]","continent":"Asia"},{"Country":" Barbados","Guns":7.8,"Rank":76,"Comments":"","Deaths":3,"Homicides":3,"Suicides":"NA","Unintentional":"NA","Undetermined":"NA","Year":"2000","Notes":"UNODC 2000[10]","continent":"Americas"},{"Country":" Belarus","Guns":7.3,"Rank":79,"Comments":"","Deaths":0.38,"Homicides":0.38,"Suicides":"NA","Unintentional":"NA","Undetermined":"NA","Year":"2002","Notes":"UNODC 2002[5]","continent":"Europe"},{"Country":" Belgium","Guns":17.2,"Rank":36,"Comments":"","Deaths":2.43,"Homicides":0.29,"Suicides":1.96,"Unintentional":0.01,"Undetermined":0.16,"Year":"2006","Notes":"WHO 2012[9]","continent":"Europe"},{"Country":" Brazil","Guns":8,"Rank":75,"Comments":"","Deaths":19.01,"Homicides":18.1,"Suicides":0.73,"Unintentional":0.18,"Undetermined":"NA","Year":"2008","Notes":"UNODC 2011[3]","continent":"Americas"},{"Country":" Bulgaria","Guns":6.2,"Rank":88,"Comments":"","Deaths":1.35,"Homicides":0.23,"Suicides":0.87,"Unintentional":0.14,"Undetermined":0.11,"Year":"2011","Notes":"WHO 2012[9]","continent":"Europe"},{"Country":" Canada","Guns":30.8,"Rank":13,"Comments":"","Deaths":4.78,"Homicides":0.76,"Suicides":3.72,"Unintentional":0.22,"Undetermined":"NA","Year":"1992","Notes":"Krug 1998[11]","continent":"Americas"},{"Country":" Chile","Guns":10.7,"Rank":59,"Comments":"","Deaths":0.06,"Homicides":0.06,"Suicides":"NA","Unintentional":"NA","Undetermined":"NA","Year":"2002","Notes":"UNODC 2002[5]","continent":"Americas"},{"Country":" Colombia","Guns":5.9,"Rank":91,"Comments":"","Deaths":28.11,"Homicides":27.1,"Suicides":0.87,"Unintentional":0.14,"Undetermined":"NA","Year":"2009","Notes":"UNODC 2011 [2]","continent":"Americas"},{"Country":" Costa Rica","Guns":9.9,"Rank":64,"Comments":"","Deaths":3.32,"Homicides":3.32,"Suicides":"NA","Unintentional":"NA","Undetermined":"NA","Year":"2002","Notes":"UNODC 2002[5]","continent":"Americas"},{"Country":" Croatia","Guns":21.7,"Rank":26,"Comments":"","Deaths":3.01,"Homicides":0.57,"Suicides":2.35,"Unintentional":0.07,"Undetermined":0.02,"Year":"2010","Notes":"WHO 2012[9]","continent":"Europe"},{"Country":" Cyprus","Guns":36.4,"Rank":5,"Comments":"","Deaths":0.83,"Homicides":0.24,"Suicides":0.48,"Unintentional":"NA","Undetermined":0.11,"Year":"2010","Notes":"WHO 2012[9]","continent":"Asia"},{"Country":" Czech Republic","Guns":16.3,"Rank":38,"Comments":"","Deaths":1.76,"Homicides":0.12,"Suicides":1.39,"Unintentional":0.1,"Undetermined":0.15,"Year":"2010","Notes":"WHO 2012[9]","continent":"Europe"},{"Country":" Denmark","Guns":12,"Rank":54,"Comments":"","Deaths":1.45,"Homicides":0.22,"Suicides":1.16,"Unintentional":0.04,"Undetermined":0.04,"Year":"2006","Notes":"WHO 2012[9]","continent":"Europe"},{"Country":" El Salvador","Guns":5.8,"Rank":92,"Comments":"","Deaths":50.36,"Homicides":50.36,"Suicides":"NA","Unintentional":"NA","Undetermined":"NA","Year":"2009","Notes":"OAS 2011[1]","continent":"Americas"},{"Country":" Estonia","Guns":9.2,"Rank":65,"Comments":"","Deaths":2.54,"Homicides":0.3,"Suicides":1.57,"Unintentional":0.07,"Undetermined":0.6,"Year":"2010","Notes":"WHO 2012[9]","continent":"Europe"},{"Country":" Finland","Guns":32,"Rank":8,"Comments":"[6]","Deaths":3.64,"Homicides":0.26,"Suicides":3.34,"Unintentional":0.02,"Undetermined":0.02,"Year":"2010","Notes":"WHO 2012[9]","continent":"Europe"},{"Country":" France","Guns":31.2,"Rank":12,"Comments":"","Deaths":3,"Homicides":0.22,"Suicides":2.33,"Unintentional":0.05,"Undetermined":0.41,"Year":"2009","Notes":"WHO 2012[9]","continent":"Europe"},{"Country":" Georgia","Guns":7.3,"Rank":79,"Comments":"","Deaths":1.54,"Homicides":0.23,"Suicides":0.09,"Unintentional":1,"Undetermined":0.23,"Year":"2009","Notes":"WHO 2012[9]","continent":"Asia"},{"Country":" Germany","Guns":30.3,"Rank":15,"Comments":"","Deaths":1.1,"Homicides":0.06,"Suicides":0.94,"Unintentional":0.02,"Undetermined":0.08,"Year":"2010","Notes":"WHO 2012[9]","continent":"Europe"},{"Country":" Greece","Guns":22.5,"Rank":23,"Comments":"","Deaths":1.5,"Homicides":0.59,"Suicides":0.84,"Unintentional":0.04,"Undetermined":"NA","Year":"1994","Notes":"Krug 1998[11]","continent":"Europe"},{"Country":" Guatemala","Guns":13.1,"Rank":49,"Comments":"","Deaths":38.52,"Homicides":38.52,"Suicides":"NA","Unintentional":"NA","Undetermined":"NA","Year":"2009","Notes":"OAS 2011[1]","continent":"Americas"},{"Country":" Honduras","Guns":6.2,"Rank":88,"Comments":"","Deaths":46.7,"Homicides":46.7,"Suicides":"NA","Unintentional":"NA","Undetermined":"NA","Year":"2007","Notes":"OAS 2011[1]","continent":"Americas"},{"Country":" Hungary","Guns":5.5,"Rank":93,"Comments":"","Deaths":0.85,"Homicides":0.13,"Suicides":0.72,"Unintentional":"NA","Undetermined":"NA","Year":"2009","Notes":"WHO 2012[9]","continent":"Europe"},{"Country":" Iceland","Guns":30.3,"Rank":15,"Comments":"","Deaths":1.25,"Homicides":"NA","Suicides":1.25,"Unintentional":"NA","Undetermined":"NA","Year":"2009","Notes":"WHO 2012[9]","continent":"Europe"},{"Country":" India","Guns":4.2,"Rank":110,"Comments":"","Deaths":0.93,"Homicides":0.93,"Suicides":"NA","Unintentional":"NA","Undetermined":"NA","Year":"2000","Notes":"UNODC 2000[10]","continent":"Asia"},{"Country":" Ireland","Guns":8.6,"Rank":70,"Comments":"","Deaths":1.03,"Homicides":0.36,"Suicides":0.56,"Unintentional":0.04,"Undetermined":0.07,"Year":"2010","Notes":"WHO 2012[9]","continent":"Europe"},{"Country":" Israel","Guns":7.3,"Rank":79,"Comments":"","Deaths":1.86,"Homicides":0.94,"Suicides":0.71,"Unintentional":0.03,"Undetermined":0.19,"Year":"2009","Notes":"WHO 2012[9]","continent":"Asia"},{"Country":" Italy","Guns":11.9,"Rank":55,"Comments":"","Deaths":1.28,"Homicides":0.36,"Suicides":0.81,"Unintentional":0.08,"Undetermined":0.03,"Year":"2009","Notes":"WHO 2012[9]","continent":"Europe"},{"Country":" Jamaica","Guns":8.1,"Rank":74,"Comments":"","Deaths":47.44,"Homicides":47.44,"Suicides":"NA","Unintentional":"NA","Undetermined":"NA","Year":"2009","Notes":"OAS 2011[1]","continent":"Americas"},{"Country":" Japan","Guns":0.6,"Rank":164,"Comments":"","Deaths":0.07,"Homicides":0.02,"Suicides":0.04,"Unintentional":0,"Undetermined":"NA","Year":"1994","Notes":"Krug 1998[11]","continent":"Asia"},{"Country":" Kuwait","Guns":24.8,"Rank":18,"Comments":"","Deaths":1.25,"Homicides":0.36,"Suicides":0.06,"Unintentional":0,"Undetermined":"NA","Year":"1995","Notes":"Krug 1998[11]","continent":"Asia"},{"Country":" Kyrgyzstan","Guns":0.9,"Rank":156,"Comments":"","Deaths":1.01,"Homicides":0.53,"Suicides":0.07,"Unintentional":0.28,"Undetermined":0.13,"Year":"2010","Notes":"WHO 2012[9]","continent":"Asia"},{"Country":" Latvia","Guns":19,"Rank":32,"Comments":"","Deaths":1.43,"Homicides":0.18,"Suicides":0.94,"Unintentional":0.04,"Undetermined":0.27,"Year":"2010","Notes":"WHO 2012[9]","continent":"Europe"},{"Country":" Lithuania","Guns":0.7,"Rank":160,"Comments":"","Deaths":1.61,"Homicides":0.24,"Suicides":1,"Unintentional":0.03,"Undetermined":0.33,"Year":"2010","Notes":"WHO 2012[9]","continent":"Europe"},{"Country":" Luxembourg","Guns":15.3,"Rank":41,"Comments":"","Deaths":1.81,"Homicides":0.6,"Suicides":1,"Unintentional":"NA","Undetermined":0.2,"Year":"2009","Notes":"WHO 2012[9]","continent":"Europe"},{"Country":" Malta","Guns":11.9,"Rank":55,"Comments":"","Deaths":2.16,"Homicides":0.48,"Suicides":1.68,"Unintentional":"NA","Undetermined":"NA","Year":"2010","Notes":"WHO 2012[9]","continent":"Europe"},{"Country":" Mauritius","Guns":14.7,"Rank":44,"Comments":"","Deaths":0.19,"Homicides":0,"Suicides":0.09,"Unintentional":0.09,"Undetermined":"NA","Year":"1993","Notes":"Krug 1998[11]","continent":"Africa"},{"Country":" Mexico","Guns":15,"Rank":42,"Comments":"","Deaths":11.14,"Homicides":10,"Suicides":0.67,"Unintentional":0.47,"Undetermined":"NA","Year":"2010","Notes":"UNODC 2011[4]","continent":"Americas"},{"Country":" Moldova","Guns":7.1,"Rank":83,"Comments":"","Deaths":1.04,"Homicides":1.04,"Suicides":"NA","Unintentional":"NA","Undetermined":"NA","Year":"2011","Notes":"WHO 2012[9]","continent":"Europe"},{"Country":" Montenegro","Guns":23.1,"Rank":21,"Comments":"","Deaths":8.55,"Homicides":2.06,"Suicides":6.49,"Unintentional":"NA","Undetermined":"NA","Year":"2009","Notes":"WHO 2012[9]","continent":"Europe"},{"Country":" Netherlands","Guns":3.9,"Rank":112,"Comments":"","Deaths":0.46,"Homicides":0.2,"Suicides":0.24,"Unintentional":0.01,"Undetermined":0.01,"Year":"2010","Notes":"WHO 2012[9]","continent":"Europe"},{"Country":" New Zealand","Guns":22.6,"Rank":22,"Comments":"1993: 26.8.[2]","Deaths":2.66,"Homicides":0.17,"Suicides":2.14,"Unintentional":0.09,"Undetermined":"NA","Year":"1993","Notes":"Krug 1998[11]","continent":"Oceania"},{"Country":" Nicaragua","Guns":7.7,"Rank":77,"Comments":"","Deaths":7.14,"Homicides":7.14,"Suicides":"NA","Unintentional":"NA","Undetermined":"NA","Year":"2007","Notes":"OAS 2011[1]","continent":"Americas"},{"Country":" Norway","Guns":31.3,"Rank":11,"Comments":"","Deaths":1.78,"Homicides":0.04,"Suicides":1.72,"Unintentional":0.02,"Undetermined":"NA","Year":"2010","Notes":"WHO 2012[9]","continent":"Europe"},{"Country":" Panama","Guns":21.7,"Rank":26,"Comments":"","Deaths":12.92,"Homicides":12.92,"Suicides":"NA","Unintentional":"NA","Undetermined":"NA","Year":"2010","Notes":"OAS 2011[1]","continent":"Americas"},{"Country":" Paraguay","Guns":17,"Rank":37,"Comments":"","Deaths":7.35,"Homicides":7.35,"Suicides":"NA","Unintentional":"NA","Undetermined":"NA","Year":"2000","Notes":"UNODC 2000[10]","continent":"Americas"},{"Country":" Peru","Guns":18.8,"Rank":33,"Comments":"","Deaths":1.87,"Homicides":1.87,"Suicides":"NA","Unintentional":"NA","Undetermined":"NA","Year":"2009","Notes":"OAS 2011[1]","continent":"Americas"},{"Country":" Philippines","Guns":4.7,"Rank":105,"Comments":"","Deaths":9.46,"Homicides":9.46,"Suicides":"NA","Unintentional":"NA","Undetermined":"NA","Year":"2002","Notes":"UNODC 2002[5]","continent":"Asia"},{"Country":" Poland","Guns":1.3,"Rank":142,"Comments":"","Deaths":0.26,"Homicides":0.02,"Suicides":0.12,"Unintentional":0.02,"Undetermined":0.09,"Year":"2010","Notes":"WHO 2012[9]","continent":"Europe"},{"Country":" Portugal","Guns":8.5,"Rank":72,"Comments":"","Deaths":1.77,"Homicides":0.48,"Suicides":1.09,"Unintentional":0.02,"Undetermined":0.18,"Year":"2010","Notes":"WHO 2012[9]","continent":"Europe"},{"Country":" Qatar","Guns":19.2,"Rank":31,"Comments":"","Deaths":0.18,"Homicides":0.18,"Suicides":"NA","Unintentional":"NA","Undetermined":"NA","Year":"2000","Notes":"UNODC 2000[10]","continent":"Asia"},{"Country":" Romania","Guns":0.7,"Rank":160,"Comments":"","Deaths":0.2,"Homicides":0.04,"Suicides":0.06,"Unintentional":0.09,"Undetermined":0.01,"Year":"2010","Notes":"WHO 2012[9]","continent":"Europe"},{"Country":" Serbia","Guns":58.2,"Rank":2,"Comments":"[5]","Deaths":3.9,"Homicides":0.62,"Suicides":2.81,"Unintentional":0.18,"Undetermined":0.29,"Year":"2010","Notes":"WHO 2012[9]","continent":"Europe"},{"Country":" Singapore","Guns":0.5,"Rank":169,"Comments":"","Deaths":0.24,"Homicides":0.07,"Suicides":0.17,"Unintentional":0,"Undetermined":"NA","Year":"1994","Notes":"Krug 1998[11]","continent":"Asia"},{"Country":" Slovakia","Guns":8.3,"Rank":73,"Comments":"","Deaths":1.75,"Homicides":0.18,"Suicides":0.94,"Unintentional":0.39,"Undetermined":0.24,"Year":"2010","Notes":"WHO 2012[9]","continent":"NA"},{"Country":" Slovenia","Guns":13.5,"Rank":47,"Comments":"","Deaths":2.44,"Homicides":0.05,"Suicides":2.34,"Unintentional":"NA","Undetermined":0.05,"Year":"2010","Notes":"WHO 2012[9]","continent":"Europe"},{"Country":" South Africa","Guns":12.7,"Rank":50,"Comments":"","Deaths":9.41,"Homicides":"NA","Suicides":"NA","Unintentional":"NA","Undetermined":"NA","Year":"2012","Notes":"UNODC 2012[6] & Stats SA[7]","continent":"Africa"},{"Country":" South Korea","Guns":1.1,"Rank":149,"Comments":"","Deaths":0.13,"Homicides":0.04,"Suicides":0.02,"Unintentional":0.05,"Undetermined":"NA","Year":"1994","Notes":"Krug 1998[11]","continent":"Asia"},{"Country":" Spain","Guns":10.4,"Rank":61,"Comments":"","Deaths":0.63,"Homicides":0.15,"Suicides":0.42,"Unintentional":0.05,"Undetermined":0.01,"Year":"2010","Notes":"WHO 2012[9]","continent":"Europe"},{"Country":" Swaziland","Guns":6.4,"Rank":86,"Comments":"","Deaths":37.16,"Homicides":37.16,"Suicides":"NA","Unintentional":"NA","Undetermined":"NA","Year":"2004","Notes":"UNODC 2006[1]","continent":"Africa"},{"Country":" Sweden","Guns":31.6,"Rank":10,"Comments":"","Deaths":1.47,"Homicides":0.19,"Suicides":1.2,"Unintentional":0.06,"Undetermined":0.01,"Year":"2010","Notes":"WHO 2012[9]","continent":"Europe"},{"Country":" Switzerland","Guns":45.7,"Rank":4,"Comments":"","Deaths":6.4,"Homicides":0.58,"Suicides":5.61,"Unintentional":0.13,"Undetermined":"NA","Year":"1994","Notes":"Krug 1998[11]","continent":"Europe"},{"Country":" Taiwan","Guns":4.6,"Rank":106,"Comments":"","Deaths":0.42,"Homicides":0.13,"Suicides":0.12,"Unintentional":0.11,"Undetermined":"NA","Year":"1994","Notes":"Krug 1998[11]","continent":"NA"},{"Country":" Ukraine","Guns":6.6,"Rank":84,"Comments":"","Deaths":0.35,"Homicides":0.35,"Suicides":"NA","Unintentional":"NA","Undetermined":"NA","Year":"2000","Notes":"UNODC 2000[10]","continent":"Europe"},{"Country":" United States","Guns":88.8,"Rank":1,"Comments":"","Deaths":9,"Homicides":2.98,"Suicides":5.75,"Unintentional":0.27,"Undetermined":"NA","Year":"2008-2010","Notes":"OAS 2011[8]","continent":"NA"},{"Country":" Uruguay","Guns":31.8,"Rank":9,"Comments":"","Deaths":3.24,"Homicides":3.24,"Suicides":"NA","Unintentional":"NA","Undetermined":"NA","Year":"2002","Notes":"UNODC 2002[5]","continent":"Americas"},{"Country":" Uzbekistan","Guns":1.5,"Rank":133,"Comments":"","Deaths":0.68,"Homicides":0.58,"Suicides":0.03,"Unintentional":"NA","Undetermined":0.08,"Year":"2005","Notes":"WHO 2012[9]","continent":"Asia"},{"Country":" Zimbabwe","Guns":4.6,"Rank":106,"Comments":"","Deaths":4.75,"Homicides":4.75,"Suicides":"NA","Unintentional":"NA","Undetermined":"NA","Year":"2000","Notes":"UNODC 2000[10]","continent":"Africa"}]